Category,URL
PROJECT METHODOLOGIES,https://verra.org/methodology/vm0001-infrared-automatic-refrigerant-leak-detection-efficiency-project-methodology-v1-1/
PROJECT METHODOLOGIES,https://verra.org/methodologies/vm0003-methodology-for-improved-forest-management-through-extension-of-rotation-age-v1-3/
PROJECT METHODOLOGIES,https://verra.org/methodologies/vm0004-methodology-for-conservation-projects-that-avoid-planned-land-use-conversion-in-peat-swamp-forests/
PROJECT METHODOLOGIES,https://verra.org/methodology/vm0005-methodology-for-conversion-of-low-productive-forest-to-high-productive-forest-v1-2/
PROJECT METHODOLOGIES,https://verra.org/methodology/vm0006-methodology-for-carbon-accounting-for-mosaic-and-landscape-scale-redd-projects-v2-2/
PROJECT METHODOLOGIES,https://verra.org/methodology/vm0007-redd-methodology-framework-redd-mf-v1-6/
PROJECT METHODOLOGIES,https://verra.org/methodology/vm0008-weatherization-of-single-family-and-multi-family-buildings-v1-1/
PROJECT METHODOLOGIES,https://verra.org/methodology/vm0010-methodology-for-improved-forest-management-conversion-from-logged-to-protected-forest-v1-3/
PROJECT METHODOLOGIES,https://verra.org/methodology/vm0011-methodology-for-calculating-ghg-benefits-from-preventing-planned-degradation-v1-0/
PROJECT METHODOLOGIES,https://verra.org/methodology/vm0012-improved-forest-management-in-temperate-and-boreal-forests-ltpf-v1-2/
PROJECT METHODOLOGIES,https://verra.org/methodology/vm0014-interception-and-destruction-of-fugitive-methane-from-coal-bed-methane-cbm-seeps-v1-0/
PROJECT METHODOLOGIES,https://verra.org/methodology/vm0015-methodology-for-avoided-unplanned-deforestation-v1-1/
PROJECT METHODOLOGIES,https://verra.org/methodology/vm0016-recovery-and-destruction-of-ozone-depleting-substances-ods-from-products-v1-1/
PROJECT METHODOLOGIES,https://verra.org/methodology/vm0018-energy-efficiency-and-solid-waste-diversion-activities-within-a-sustainable-community-v1-0/
PROJECT METHODOLOGIES,https://verra.org/methodology/vm0019-fuel-switch-from-gasoline-to-ethanol-in-flex-fuel-vehicle-fleets-v1-0/
PROJECT METHODOLOGIES,https://verra.org/methodology/vm0022-quantifying-n2o-emissions-reductions-in-agricultural-crops-through-nitrogen-fertilizer-rate-reduction-v1-1/
PROJECT METHODOLOGIES,https://verra.org/methodology/vm0025-campus-clean-energy-and-energy-efficiency-v1-0/
PROJECT METHODOLOGIES,https://verra.org/methodologies/vm0026-methodology-for-sustainable-grassland-management-sgm-v1-1/
PROJECT METHODOLOGIES,https://verra.org/methodology/vm0032-methodology-for-the-adoption-of-sustainable-grasslands-through-adjustment-of-fire-and-grazing-v1-0/
PROJECT METHODOLOGIES,https://verra.org/methodologies/vm0033-methodology-for-tidal-wetland-and-seagrass-restoration-v2-0/
PROJECT METHODOLOGIES,https://verra.org/methodologies/vm0034-canadian-forest-carbon-offset-methodology-v2-0-2/
PROJECT METHODOLOGIES,https://verra.org/methodology/vm0035-methodology-for-improved-forest-management-through-reduced-impact-logging-v1-0/
PROJECT METHODOLOGIES,https://verra.org/methodology/vm0036-methodology-for-rewetting-drained-temperate-peatlands-v1-0/
PROJECT METHODOLOGIES,https://verra.org/methodology/vm0038-methodology-for-electric-vehicle-charging-systems-v1-0/
PROJECT METHODOLOGIES,https://verra.org/methodologies/vm0039-methodology-for-use-of-foam-stabilized-base-and-emulsion-asphalt-mixtures-in-pavement-application-v1-0/
PROJECT METHODOLOGIES,https://verra.org/methodology/reduction-of-enteric-methane-emissions/
PROJECT METHODOLOGIES,https://verra.org/methodologies/vm0042-methodology-for-improved-agricultural-land-management-v2-0/
PROJECT METHODOLOGIES,https://verra.org/methodologies/vm0043-methodology-for-co2-utilization-in-concrete-production/
PROJECT METHODOLOGIES,https://verra.org/methodologies/vm0044-methodology-for-biochar-utilization-in-soil-and-non-soil-applications/
PROJECT METHODOLOGIES,https://verra.org/methodologies/methodology-for-improved-forest-management/
PROJECT METHODOLOGIES,https://verra.org/methodologies/vm0046-methodology-for-reducing-food-loss-and-waste-v1-0/
PROJECT METHODOLOGIES,https://verra.org/methodologies/vm0047-afforestation-reforestation-and-revegetation-v1-0/
PROJECT METHODOLOGIES,https://verra.org/methodologies/vm0048-reducing-emissions-from-deforestation-and-forest-degradation-v1-0/
PROJECT METHODOLOGIES,https://verra.org/methodology/vmr0001-revisions-to-acm0008-to-include-pre-drainage-of-methane-from-an-active-open-cast-mine-as-a-methane-emission-reduction-activity-v1-0/
PROJECT METHODOLOGIES,https://verra.org/methodology/vmr0002-revisions-to-acm0008-to-include-methane-capture-and-destruction-from-abandoned-coal-mines-v1-0/
PROJECT METHODOLOGIES,https://verra.org/methodology/vmr0003-revisions-to-ams-iii-y-to-include-use-of-organic-bedding-material-v1-0/
PROJECT METHODOLOGIES,https://verra.org/methodology/vmr0004-revisions-to-ams-iii-bc-to-include-mobile-machinery-v1-0/
PROJECT METHODOLOGIES,https://verra.org/methodology/vmr0006-methodology-for-installation-of-high-efficiency-firewood-cookstoves/
PROJECT METHODOLOGIES,https://verra.org/methodologies/vmr0007-revision-to-ams-iii-aj-recovery-and-recycling-of-materials-from-solid-wastes-v1-0/
PROJECT METHODOLOGIES,https://verra.org/methodologies/vmr0008-revision-to-ams-iii-ba-recovery-and-recycling-of-materials-from-e-waste-v1-0/
PROJECT MODULES,https://verra.org/methodology/vmd0001-estimation-of-carbon-stocks-in-the-above-and-belowground-biomass-in-live-tree-and-non-tree-pools-cp-ab-v1-1/
PROJECT MODULES,https://verra.org/methodology/vmd0002-estimation-of-carbon-stocks-in-the-dead-wood-pool-cp-d-v1-0/
PROJECT MODULES,https://verra.org/methodology/vmd0003-estimation-of-carbon-stocks-in-the-litter-pool-cp-l-v1-0/
PROJECT MODULES,https://verra.org/methodology/vmd0004-estimation-of-stocks-in-the-soil-organic-carbon-pool-cp-s-v1-0/
PROJECT MODULES,https://verra.org/methodologies/vmd0005-estimation-of-carbon-stocks-in-the-long-term-wood-products-pool-cp-w-v1-1/
PROJECT MODULES,https://verra.org/methodologies/vmd0006-estimation-of-baseline-carbon-stock-changes-and-greenhouse-gas-emissions-from-planned-deforestation-forest-degradation-and-planned-wetland-degradationbl-pl-v1-3/
PROJECT MODULES,https://verra.org/methodologies/vmd0007-estimation-of-baseline-carbon-stock-changes-and-greenhouse-gas-emissions-from-unplanned-deforestation-and-unplanned-wetland-degradation-bl-up-v3-3/
PROJECT MODULES,https://verra.org/methodologies/vmd0009-estimation-of-emissions-from-activity-shifting-for-avoiding-planned-deforestation-forest-degradation-and-avoiding-planned-wetland-degradation-lk-asp-v1-3/
PROJECT MODULES,https://verra.org/methodologies/methodologies-vmd0010-estimation-of-emissions-from-activity-shifting-for-avoided-unplanned-deforestation-lk-asu-v1-2/
PROJECT MODULES,https://verra.org/methodology/vmd0011-estimation-of-emissions-from-market-effects-lk-me-v1-1/
PROJECT MODULES,https://verra.org/methodology/vmd0012-estimation-of-emissions-from-displacement-of-fuelwood-extraction-lk-dfw-v1-0/
PROJECT MODULES,https://verra.org/methodologies/vmd0013-estimation-of-greenhouse-gas-emissions-from-biomass-and-peat-burning-e-bpb-v1-2/
PROJECT MODULES,https://verra.org/methodology/vmd0014-estimation-of-emissions-from-fossil-fuel-combustion-e-ffc-v1-0/
PROJECT MODULES,https://verra.org/methodology/vmd0015-methods-for-monitoring-of-greenhouse-gas-emissions-and-removals-m-redd-v2-2/
PROJECT MODULES,https://verra.org/methodologies/vmd0016-methods-for-stratification-of-the-project-area-x-str-v1-2/
PROJECT MODULES,https://verra.org/methodology/vmd0017-estimation-of-uncertainty-for-redd-project-activities-x-unc-v2-2/
PROJECT MODULES,https://verra.org/methodology/vmd0018-methods-to-determine-stratification-v1-0/
PROJECT MODULES,https://verra.org/methodology/vmd0019-methods-to-project-future-conditions-v1-0/
PROJECT MODULES,https://verra.org/methodology/vmd0020-methods-to-determine-project-boundaries-v1-0/
PROJECT MODULES,https://verra.org/methodology/vmd0021-estimation-of-stocks-in-the-soil-carbon-pool-v1-0/
PROJECT MODULES,https://verra.org/methodology/vmd0022-estimation-of-carbon-stocks-in-living-plant-biomass-v1-0/
PROJECT MODULES,https://verra.org/methodology/vmd0023-estimation-of-carbon-stocks-in-the-litter-pool-v1-0/
PROJECT MODULES,https://verra.org/methodology/vmd0024-estimation-of-carbon-stocks-in-the-dead-wood-pool-v1-0/
PROJECT MODULES,https://verra.org/methodology/vmd0025-estimation-of-woody-biomass-harvesting-and-utilization-v1-0/
PROJECT MODULES,https://verra.org/methodology/vmd0026-estimation-of-carbon-stocks-in-the-long-lived-wood-products-pool-v1-0/
PROJECT MODULES,https://verra.org/methodology/vmd0027-estimation-of-domesticated-animal-populations-v1-0/
PROJECT MODULES,https://verra.org/methodology/vmd0028-estimation-of-emissions-from-domesticated-animals-v1-0/
PROJECT MODULES,https://verra.org/methodology/vmd0029-estimation-of-emissions-from-non-co2-ghgs-from-soils-v1-1/
PROJECT MODULES,https://verra.org/methodology/vmd0030-estimation-of-emissions-from-power-equipment-v1-0/
PROJECT MODULES,https://verra.org/methodology/vmd0031-estimation-of-emissions-from-burning-v1-0/
PROJECT MODULES,https://verra.org/methodology/vmd0032-estimation-of-emissions-from-activity-shifting-leakage-v1-0/
PROJECT MODULES,https://verra.org/methodology/vmd0033-estimation-of-emissions-from-market-leakage-v1-0/
PROJECT MODULES,https://verra.org/methodology/vmd0034-methods-for-developing-a-monitoring-plan-v1-0/
PROJECT MODULES,https://verra.org/methodology/vmd0035-methods-to-determine-the-net-change-in-atmospheric-ghg-resulting-from-project-activities-v1-0/
PROJECT MODULES,https://verra.org/methodology/vmd0036-global-commodity-leakage-module-effective-area-approach-v1-0/
PROJECT MODULES,https://verra.org/methodology/vmd0037-global-commodity-leakage-module-production-approach-v1-0/
PROJECT MODULES,https://verra.org/methodologies/vmd0038-campus-clean-energy-efficiency-campus-wide-module-v1-1/
PROJECT MODULES,https://verra.org/methodology/vmd0039-campus-clean-energy-efficiency-leed-certified-buildings-module-v1-0/
PROJECT MODULES,https://verra.org/methodology/vmd0040-leakage-from-displacement-of-grazing-activities-v1-0/
PROJECT MODULES,https://verra.org/methodologies/vmd0041-estimation-of-baseline-carbon-stock-changes-and-greenhouse-gas-emissions-in-arr-project-activities-bl-arr-v1-1/
PROJECT MODULES,https://verra.org/methodology/vmd0042-estimation-of-baseline-soil-carbon-stock-changes-and-greenhouse-gas-emissions-in-peatland-rewetting-and-conservation-project-activities-bl-peat-v1-1/
PROJECT MODULES,https://verra.org/methodologies/vmd0043-estimation-of-emissions-from-displacement-of-pre-project-agricultural-activities-lk-arr-v1-0/
PROJECT MODULES,https://verra.org/methodology/vmd0044-estimation-of-emissions-from-ecological-leakage-lk-eco-v1-1/
PROJECT MODULES,https://verra.org/methodology/vmd0045-methods-for-monitoring-greenhouse-gas-emissions-and-removals-in-arr-project-activities-m-arr-v1-1/
PROJECT MODULES,https://verra.org/methodology/vmd0046-methods-for-monitoring-of-soil-carbon-stock-changes-and-greenhouse-gas-emissions-and-removals-in-peatland-rewetting-and-conservation-project-activities-m-peat-v1-1/
PROJECT MODULES,https://verra.org/methodology/vmd0047-performance-method-for-reduced-impact-logging-in-east-and-north-kalimantan-v1-0/
PROJECT MODULES,https://verra.org/methodology/vmd0048-activity-method-for-the-determination-of-additionality-for-recovered-and-stockpiled-ods-refrigerant-projects-v1-0/
PROJECT MODULES,https://verra.org/methodology/vmd0049-activity-method-for-determining-additionality-of-electric-vehicle-charging-systems-v1-0/
PROJECT MODULES,https://verra.org/methodology/vmd0050-estimation-of-baseline-carbon-stock-changes-and-greenhouse-gas-emissions-in-tidal-wetland-restoration-and-conservation-project-activities-bl-tw-v1-0/
PROJECT MODULES,https://verra.org/methodologies/vmd0051-methods-for-monitoring-of-carbon-stock-changes-and-greenhouse-gas-emissions-and-removals-in-tidal-wetland-restoration-and-conservation-project-activities-m-tw-v1-0/
PROJECT MODULES,https://verra.org/methodologies/vmd0052-demonstration-of-additionality-of-tidal-wetland-restoration-and-conservation-project-activities-add-am-v2-0/
PROJECT MODULES,https://verra.org/methodologies/vmd0053-model-calibration-validation-and-uncertainty-guidance-for-the-methodology-for-improved-agricultural-land-management-v2-0/
PROJECT MODULES,https://verra.org/methodologies/vmd0054-module-for-estimating-leakage-from-arr-activities-v1-0/
PROJECT MODULES,https://verra.org/methodologies/vmd0055-estimation-of-emission-reductions-from-avoiding-unplanned-deforestation-v1-0/
PROJECT TOOLS,https://verra.org/methodology/vt0001-tool-for-the-demonstration-and-assessment-of-additionality-in-vcs-agriculture-forestry-and-other-land-use-afolu-project-activities-v3-0/
PROJECT TOOLS,https://verra.org/methodology/vt0002-tool-for-the-demonstration-and-assessment-of-additionality-in-ifm-project-activities-v1-0/
PROJECT TOOLS,https://verra.org/methodology/vt0003-tool-for-the-estimation-of-uncertainty-for-ifm-project-activities-v1-0/
PROJECT TOOLS,https://verra.org/methodology/vt0005-tool-for-measuring-aboveground-live-forest-biomass-using-remote-sensing-v1-0/
PROJECT TOOLS,https://verra.org/methodology/vt0006-tool-for-calculating-lulc-transitions-and-deforestation-rates-using-incomplete-remote-sensing-images-v1-0/
JNR MODULES AND TOOLS,https://verra.org/methodology/vt0004-jnr-leakage-tool-v1-0/
JNR MODULES AND TOOLS,https://verra.org/methodology/vmd0036-global-commodity-leakage-module-effective-area-approach-v1-0/
JNR MODULES AND TOOLS,https://verra.org/methodology/vmd0037-global-commodity-leakage-module-production-approach-v1-0/
